{
  "num_images": 87,
  "psnr": 18.068686309735575,
  "ssim": 0.7614231184981335
}